Workbook
Name Slicer_Branch: #N/A
Name Slicer_PaymentMode: #N/A
Name Slicer_Product: #N/A

Sheet Orders
A1: OrderID | B1: OrderDate | C1: Branch | D1: Employee | E1: Customer | F1: Product | G1: Category | H1: Quantity | I1: UnitPrice | J1: SalesAmount | K1: Sale Value | L1: PaymentMode | M1: OrderStatus | N1: Month | O1: Quarter | P1: Year
A2: 1 | B2: 45758 | C2: Rajkot | D2: EMP005 | E2: CUST8013 | F2: Laptop | G2: Electronics | H2: 8 | I2: 55000 | J2: 440000 | K2: {=_xlfn.IFS(J2<30000,"Low Value",J2<=100000,"Medium Value",J2>100000,"High Value")} -> High Value | L2: Card | M2: Cancelled | N2: =TEXT(B2,"MMMM") -> April | O2: ="Q"&ROUNDUP(MONTH(B2)/3,0) -> Q2 | P2: =YEAR(B:B) -> 2025
A3: 2 | B3: 45928 | C3: Surat | D3: EMP001 | E3: CUST5514 | F3: Keyboard | G3: Electronics | H3: 7 | I3: 1200 | J3: 8400 | K3: {=_xlfn.IFS(J3<30000,"Low Value",J3<=100000,"Medium Value",J3>100000,"High Value")} -> Low Value | L3: Cash | M3: Completed | N3: =TEXT(B3,"MMMM") -> September | O3: ="Q"&ROUNDUP(MONTH(B3)/3,0) -> Q3 | P3: =YEAR(B:B) -> 2025
A4: 3 | B4: 45739 | C4: Mumbai | D4: EMP009 | E4: CUST1459 | F4: Chair | G4: Furniture | H4: 2 | I4: 3500 | J4: 7000 | K4: {=_xlfn.IFS(J4<30000,"Low Value",J4<=100000,"Medium Value",J4>100000,"High Value")} -> Low Value | L4: Card | M4: Completed | N4: =TEXT(B4,"MMMM") -> March | O4: ="Q"&ROUNDUP(MONTH(B4)/3,0) -> Q1 | P4: =YEAR(B:B) -> 2025
A5: 4 | B5: 45679 | C5: Rajkot | D5: EMP012 | E5: CUST2819 | F5: Desk | G5: Furniture | H5: 4 | I5: 7000 | J5: 28000 | K5: {=_xlfn.IFS(J5<30000,"Low Value",J5<=100000,"Medium Value",J5>100000,"High Value")} -> Low Value | L5: Net Banking | M5: Completed | N5: =TEXT(B5,"MMMM") -> January | O5: ="Q"&ROUNDUP(MONTH(B5)/3,0) -> Q1 | P5: =YEAR(B:B) -> 2025
A6: 5 | B6: 45945 | C6: Vadodara | D6: EMP012 | E6: CUST9295 | F6: Chair | G6: Furniture | H6: 2 | I6: 3500 | J6: 7000 | K6: {=_xlfn.IFS(J6<30000,"Low Value",J6<=100000,"Medium Value",J6>100000,"High Value")} -> Low Value | L6: Net Banking | M6: Completed | N6: =TEXT(B6,"MMMM") -> October | O6: ="Q"&ROUNDUP(MONTH(B6)/3,0) -> Q4 | P6: =YEAR(B:B) -> 2025
A7: 6 | B7: 45672 | C7: Mumbai | D7: EMP002 | E7: CUST2040 | F7: Chair | G7: Furniture | H7: 9 | I7: 3500 | J7: 31500 | K7: {=_xlfn.IFS(J7<30000,"Low Value",J7<=100000,"Medium Value",J7>100000,"High Value")} -> Medium Value | L7: Cash | M7: Completed | N7: =TEXT(B7,"MMMM") -> January | O7: ="Q"&ROUNDUP(MONTH(B7)/3,0) -> Q1 | P7: =YEAR(B:B) -> 2025
A8: 7 | B8: 45723 | C8: Rajkot | D8: EMP010 | E8: CUST3973 | F8: Mouse | G8: Electronics | H8: 9 | I8: 500 | J8: 4500 | K8: {=_xlfn.IFS(J8<30000,"Low Value",J8<=100000,"Medium Value",J8>100000,"High Value")} -> Low Value | L8: Cash | M8: Completed | N8: =TEXT(B8,"MMMM") -> March | O8: ="Q"&ROUNDUP(MONTH(B8)/3,0) -> Q1 | P8: =YEAR(B:B) -> 2025
A9: 8 | B9: 45852 | C9: Surat | D9: EMP008 | E9: CUST1773 | F9: Mouse | G9: Electronics | H9: 2 | I9: 500 | J9: 1000 | K9: {=_xlfn.IFS(J9<30000,"Low Value",J9<=100000,"Medium Value",J9>100000,"High Value")} -> Low Value | L9: UPI | M9: Completed | N9: =TEXT(B9,"MMMM") -> July | O9: ="Q"&ROUNDUP(MONTH(B9)/3,0) -> Q3 | P9: =YEAR(B:B) -> 2025
A10: 9 | B10: 45662 | C10: Vadodara | D10: EMP011 | E10: CUST9540 | F10: Laptop | G10: Electronics | H10: 10 | I10: 55000 | J10: 550000 | K10: {=_xlfn.IFS(J10<30000,"Low Value",J10<=100000,"Medium Value",J10>100000,"High Value")} -> High Value | L10: Net Banking | M10: Completed | N10: =TEXT(B10,"MMMM") -> January | O10: ="Q"&ROUNDUP(MONTH(B10)/3,0) -> Q1 | P10: =YEAR(B:B) -> 2025
A11: 10 | B11: 45726 | C11: Mumbai | D11: EMP009 | E11: CUST8280 | F11: Printer | G11: Electronics | H11: 6 | I11: 9000 | J11: 54000 | K11: {=_xlfn.IFS(J11<30000,"Low Value",J11<=100000,"Medium Value",J11>100000,"High Value")} -> Medium Value | L11: Card | M11: Completed | N11: =TEXT(B11,"MMMM") -> March | O11: ="Q"&ROUNDUP(MONTH(B11)/3,0) -> Q1 | P11: =YEAR(B:B) -> 2025
A12: 11 | B12: 45830 | C12: Ahmedabad | D12: EMP014 | E12: CUST3782 | F12: Chair | G12: Furniture | H12: 4 | I12: 3500 | J12: 14000 | K12: {=_xlfn.IFS(J12<30000,"Low Value",J12<=100000,"Medium Value",J12>100000,"High Value")} -> Low Value | L12: Net Banking | M12: Cancelled | N12: =TEXT(B12,"MMMM") -> June | O12: ="Q"&ROUNDUP(MONTH(B12)/3,0) -> Q2 | P12: =YEAR(B:B) -> 2025
A13: 12 | B13: 45988 | C13: Surat | D13: EMP014 | E13: CUST5373 | F13: Mouse | G13: Electronics | H13: 7 | I13: 500 | J13: 3500 | K13: {=_xlfn.IFS(J13<30000,"Low Value",J13<=100000,"Medium Value",J13>100000,"High Value")} -> Low Value | L13: UPI | M13: Completed | N13: =TEXT(B13,"MMMM") -> November | O13: ="Q"&ROUNDUP(MONTH(B13)/3,0) -> Q4 | P13: =YEAR(B:B) -> 2025
... A501: 500 | B501: 45713 | C501: Surat | D501: EMP015 | E501: CUST6737 | F501: Printer | G501: Electronics | H501: 10 | I501: 9000 | J501: 90000 | K501: {=_xlfn.IFS(J501<30000,"Low Value",J501<=100000,"Medium Value",J501>100000,"High Value")} -> Medium Value | L501: UPI | M501: Pending | N501: =TEXT(B501,"MMMM") -> February | O501: ="Q"&ROUNDUP(MONTH(B501)/3,0) -> Q1 | P501: =YEAR(B:B) -> 2025

Sheet Data
A1: Branch | B1: Orders | C1: Sales | E1: Total Order Items | F1: Avg Order Value | G1: Total Sales (All) | H1: Total Sales (Completed)
A2: Rajkot | B2: 116 | C2: 10325800 | E2: =SUM(Orders!H:H) -> 2855 | F2: =AVERAGE(Orders!J:J) -> 73503.8 | G2: =SUM(Orders!J:J) -> 36751900 | H2: =SUMIF(Orders!M:M,"Completed",Orders!J:J) -> 29249300
A3: Surat | B3: 85 | C3: 4349200
A4: Mumbai | B4: 105 | C4: 8945100 | E4: Total Orders | F4: Completed orders | G4: Success rate
A5: Vadodara | B5: 92 | C5: 5631000 | E5: =COUNT(Orders!A:A) -> 500 | F5: =COUNTIF(Orders!M:M,"Completed") -> 397 | G5: =F5/E5 -> 0.794
A6: Ahmedabad | B6: 102 | C6: 7500800
A7: Total | B7: 500 | C7: 36751900
A10: Payment methods | B10: Orders
A11: Card | B11: 120
A12: Cash | B12: 115
A13: Net Banking | B13: 124
A14: UPI | B14: 141
A15: Total | B15: 500
A18: Category | B18: Sales
A19: Electronics | B19: 31645400
A20: Furniture | B20: 5106500
A21: Total | B21: 36751900

Sheet Pivot Table
A1: Row Labels | B1: Sum of SalesAmount
A2: Ahmedabad | B2: 7500800
A3: Mumbai | B3: 8945100
A4: Rajkot | B4: 10325800
A5: Surat | B5: 4349200
A6: Vadodara | B6: 5631000
A7: Grand Total | B7: 36751900
A10: Row Labels | B10: Sum of SalesAmount | C10: Sum of Quantity
A11: Chair | B11: 1585500 | C11: 453
A12: Desk | B12: 3521000 | C12: 503
A13: Keyboard | B13: 608400 | C13: 507
A14: Laptop | B14: 26785000 | C14: 487
A15: Mouse | B15: 229000 | C15: 458
A16: Printer | B16: 4023000 | C16: 447
A17: Grand Total | B17: 36751900 | C17: 2855
A20: Row Labels | B20: Sum of SalesAmount
A21: Card | B21: 8801200
A22: Cash | B22: 8475000
A23: Net Banking | B23: 8563500
A24: UPI | B24: 10912200
A25: Grand Total | B25: 36751900
A28: Row Labels | B28: Sum of SalesAmount
A29: January | B29: 5510900
A30: February | B30: 3011300
A31: March | B31: 1679600
A32: April | B32: 3116600
A33: May | B33: 3114500
A34: June | B34: 3005300
A35: July | B35: 2282500
A36: August | B36: 2978700
A37: September | B37: 3216000
A38: October | B38: 3096400
A39: November | B39: 3458800
A40: December | B40: 2281300
A41: Grand Total | B41: 36751900

Sheet Dashboard
A1: Dashboard

Sheet Sheet1
